INSERT INTO `MEMBER` VALUES('user-11111-22222-33331', 'email1@email.com', now(), now());
INSERT INTO `MEMBER` VALUES('user-11111-22222-33332', 'email2@email.com', now(), now());
INSERT INTO `MEMBER` VALUES('user-11111-22222-33333', 'email3@email.com', now(), now());
INSERT INTO `MEMBER` VALUES('user-11111-22222-33334', 'email4@email.com', now(), now());
INSERT INTO `MEMBER` VALUES('user-11111-22222-33335', 'email5@email.com', now(), now());

INSERT INtO `ORDERS` VALUES('order-11111-22222-33331', 'user-11111-22222-33331', now(), now(), 10000, 'addr1', 123123, 'PENDING');
INSERT INtO `ORDERS` VALUES('order-11111-22222-33332', 'user-11111-22222-33331', now(), now(), 20000, 'addr2', 123123, 'PENDING');
INSERT INtO `ORDERS` VALUES('order-11111-22222-33333', 'user-11111-22222-33332', now(), now(), 10000, 'addr3', 123123, 'SHIPPED');
INSERT INtO `ORDERS` VALUES('order-11111-22222-33334', 'user-11111-22222-33332', now(), now(), 20000, 'addr4', 123123, 'SHIPPED');
INSERT INtO `ORDERS` VALUES('order-11111-22222-33335', 'user-11111-22222-33333', now(), now(), 30000, 'addr5', 123123, 'DELIVERED');


INSERT INTO `PRODUCT` VALUES('product-11111-22222-33331', 'product1','coffeeBean',1000, '커피콩1', 'image_url1');
INSERT INTO `PRODUCT` VALUES('product-11111-22222-33332', 'product2','coffeeBean',5000, '커피콩2', 'image_url2');
INSERT INTO `PRODUCT` VALUES('product-11111-22222-33333', 'product3','coffeeBean',1000, '커피콩3', 'image_url3');
INSERT INTO `PRODUCT` VALUES('product-11111-22222-33334', 'product4','coffeeBean',5000, '커피콩4', 'image_url4');
INSERT INTO `PRODUCT` VALUES('product-11111-22222-33335', 'product5','coffeeBean',1000, '커피콩5', 'image_url5');

-- 1번 상품 5개와 2번 상품 1개로 주문 1 구성.

INSERT INTO `PRODUCT_ORDER_RELATION` VALUES( 'product-11111-22222-33331', 'order-11111-22222-33331');
INSERT INTO `PRODUCT_ORDER_RELATION` VALUES( 'product-11111-22222-33331', 'order-11111-22222-33331');
INSERT INTO `PRODUCT_ORDER_RELATION` VALUES( 'product-11111-22222-33331', 'order-11111-22222-33331');
INSERT INTO `PRODUCT_ORDER_RELATION` VALUES( 'product-11111-22222-33331', 'order-11111-22222-33331');
INSERT INTO `PRODUCT_ORDER_RELATION` VALUES( 'product-11111-22222-33331', 'order-11111-22222-33331');
INSERT INTO `PRODUCT_ORDER_RELATION` VALUES( 'product-11111-22222-33332', 'order-11111-22222-33331');

